luck_temp,luck_time
18.656299212598423,Jan
21.867710583153347,Feb
25.23643643643644,Mar
28.645520833333332,Apr
29.970675944333998,May
29.250777202072538,Jun
28.0542,Jul
27.782222222222224,Aug
27.326326742976065,Sep
25.047474747474748,Oct
21.912264150943397,Nov
18.895551061678464,Dec
